plot,elevation,mean_shrub_size,mean_artr_size,artr_density,shrub_density,slope,aspect,long,lat,map,mat,basin,flor_test,max_artr_age,mean_artr_age,SnowOfPPT_fraction_mean,PET_mm_mean,Seasonality_monthlyTandPPT_PearsonCor_mean,UNAridityIndex_Annual_none_mean,WetSpellDuration_m5_days_mean,WetSpellDuration_m6_days_mean,WetSpellDuration_m7_days_mean,WetSpellDuration_m8_days_mean,DrySpellDuration_m5_days_mean,DrySpellDuration_m6_days_mean,DrySpellDuration_m7_days_mean,DrySpellDuration_m8_days_mean,DrySpells_Annual_count_mean,AET_mm_mean,Rain_mm_mean,Snowfall_mm_mean,SWP_bottomLayers_DailyMin_MPa_mean,WetDegreeDays_SWPcrit1500kPa_topLayers_Cdays_mean,WetDegreeDays_SWPcrit1500kPa_bottomLayers_Cdays_mean,WetDegreeDays_SWPcrit1500kPa_anyLayer_Cdays_mean,SoilPeriods_WarmDry_allLayers_TcritPos5C_SWPcrit3900kPa_Count_days_mean,SoilPeriods_WarmDry_allLayers_TcritPos15C_SWPcrit3900kPa_Count_days_mean,SoilPeriods_WarmDry_allLayers_TcritPos25C_SWPcrit3900kPa_Count_days_mean,SoilPeriods_WarmDry_allLayers_TcritPos35C_SWPcrit3900kPa_Count_days_mean,SoilPeriods_WarmWet_allLayers_TcritPos5C_SWPcrit1500kPa_Count_days_mean,SoilPeriods_WarmWet_allLayers_TcritPos15C_SWPcrit1500kPa_Count_days_mean,SoilPeriods_WarmWet_allLayers_TcritPos25C_SWPcrit1500kPa_Count_days_mean,SoilPeriods_WarmWet_allLayers_TcritPos35C_SWPcrit1500kPa_Count_days_mean,SoilPeriods_WarmDry_topLayer_TcritPos5C_SWPcrit3900kPa_Count_days_mean,SoilPeriods_WarmDry_topLayer_TcritPos15C_SWPcrit3900kPa_Count_days_mean,SoilPeriods_WarmDry_topLayer_TcritPos25C_SWPcrit3900kPa_Count_days_mean,SoilPeriods_WarmDry_topLayer_TcritPos35C_SWPcrit3900kPa_Count_days_mean,SoilPeriods_WarmWet_topLayer_TcritPos5C_SWPcrit1500kPa_Count_days_mean,SoilPeriods_WarmWet_topLayer_TcritPos15C_SWPcrit1500kPa_Count_days_mean,SoilPeriods_WarmWet_topLayer_TcritPos25C_SWPcrit1500kPa_Count_days_mean,SoilPeriods_WarmWet_topLayer_TcritPos35C_SWPcrit1500kPa_Count_days_mean,DrySoilPeriods_SWPcrit3900kPa_NSadj_topLayers_Duration_Total_months_mean,WetSoilPeriods_SWPcrit1500kPa_NSadj_topLayers_AnyLayerWet_Duration_Total_days_mean,WetSoilPeriods_SWPcrit1500kPa_NSadj_bottomLayers_AnyLayerWet_Duration_Total_days_mean,WetSoilPeriods_SWPcrit1500kPa_NSadj_topLayers_AllLayersWet_Duration_Total_days_mean,WetSoilPeriods_SWPcrit1500kPa_NSadj_bottomLayers_AllLayersWet_Duration_Total_days_mean,DrySoilPeriods_SWPcrit3900kPa_NSadj_topLayers_AllLayersDry_Duration_Total_days_mean,DrySoilPeriods_SWPcrit3900kPa_NSadj_bottomLayers_AllLayersDry_Duration_Total_days_mean,ThermalSnowfreeWetPeriods_SWPcrit1500kPa_topLayers_Duration_days_quantile0_5,ThermalSnowfreeWetPeriods_SWPcrit1500kPa_bottomLayers_Duration_days_quantile0_5,DrySoilPeriods_SWPcrit3900kPa_MonthJJA_topLayers_Duration_days_quantile0_5,DrySoilPeriods_SWPcrit3900kPa_MonthJJA_bottomLayers_Duration_days_quantile0_5,DrySoilPeriods_SWPcrit3900kPa_Annual_topLayers_count_mean,DrySoilPeriods_SWPcrit3900kPa_Annual_bottomLayers_count_mean,SWPmatric_topLayers_m6_MPa_FromVWCmean,SWPmatric_topLayers_m7_MPa_FromVWCmean,SWPmatric_topLayers_m8_MPa_FromVWCmean,SWPmatric_bottomLayers_m6_MPa_FromVWCmean,SWPmatric_bottomLayers_m7_MPa_FromVWCmean,SWPmatric_bottomLayers_m8_MPa_FromVWCmean,SWAbulk_SWPcrit3900kPa_topLayers_m1_mm_mean,SWAbulk_SWPcrit3900kPa_topLayers_m2_mm_mean,SWAbulk_SWPcrit3900kPa_topLayers_m3_mm_mean,SWAbulk_SWPcrit3900kPa_topLayers_m4_mm_mean,SWAbulk_SWPcrit3900kPa_topLayers_m5_mm_mean,SWAbulk_SWPcrit3900kPa_topLayers_m6_mm_mean,SWAbulk_SWPcrit3900kPa_topLayers_m7_mm_mean,SWAbulk_SWPcrit3900kPa_topLayers_m8_mm_mean,SWAbulk_SWPcrit3900kPa_topLayers_m9_mm_mean,SWAbulk_SWPcrit3900kPa_topLayers_m10_mm_mean,SWAbulk_SWPcrit3900kPa_topLayers_m11_mm_mean,SWAbulk_SWPcrit3900kPa_topLayers_m12_mm_mean,SWAbulk_SWPcrit3900kPa_bottomLayers_m1_mm_mean,SWAbulk_SWPcrit3900kPa_bottomLayers_m2_mm_mean,SWAbulk_SWPcrit3900kPa_bottomLayers_m3_mm_mean,SWAbulk_SWPcrit3900kPa_bottomLayers_m4_mm_mean,SWAbulk_SWPcrit3900kPa_bottomLayers_m5_mm_mean,SWAbulk_SWPcrit3900kPa_bottomLayers_m6_mm_mean,SWAbulk_SWPcrit3900kPa_bottomLayers_m7_mm_mean,SWAbulk_SWPcrit3900kPa_bottomLayers_m8_mm_mean,SWAbulk_SWPcrit3900kPa_bottomLayers_m9_mm_mean,SWAbulk_SWPcrit3900kPa_bottomLayers_m10_mm_mean,SWAbulk_SWPcrit3900kPa_bottomLayers_m11_mm_mean,SWAbulk_SWPcrit3900kPa_bottomLayers_m12_mm_mean,mean1000,mean400,mean1,mean2,mean3,mean4,mean5,min1,min2,min3,min4,min5,max1,max2,max3,max4,max5,sand.total,silt.total,clay.total,sand.10,sand.20,sand.30,silt.10,silt.20,silt.30,clay.10,clay.20,clay.30,ec.total,ec.10,ec.20,ec.30
1,2019.44,3.57,4.85,0.53,2.28,2,252,-109.606923,42.164841,194.53,7.5999999,Green River,1,90.61224,79.36465,0.240270581,1030.758082,0.358324712,0.197131856,3.096466974,2.825729647,2.380721966,2.256490015,4.962058372,6.373655914,5.879800307,5.294854071,43.48387097,190.9588089,154.3064516,47.99032258,-4.187004451,198.4243548,70.94580645,223.7633871,84.32258065,37.93548387,0.032258065,0,1.451612903,0,0,0,128.0967742,57.96774194,0.032258065,0,17.48387097,1.677419355,0,0,7.741935484,70.06451613,24.93548387,12.38709677,14.87096774,227.9032258,206.9354839,10,0,40,91,8.064516129,1.419354839,-3.548920803,-5.118008078,-4.933061147,-3.308301906,-3.873199569,-3.930140552,0,0,0,0,1.048017174,0.473067048,0,0,0.805983242,0,0,0,0,0,1.687875238,0,0,4.556540095,0,0,0.885112531,0,0,3.001899384,21,19,13.5,8.25,4.625,1.75,0.375,11,4,3,0,0,17,11,7,4,1,69.99163,13.706334,16.302873,71.13048,70.66381,71.15746,13.20575,13.599367,11.83518,15.666275,15.736823,17.007363,0.13846154,0.125,0.125,0.15
2,2064.75,3.16,3.76,2.26,0.73,2,15,-109.37183,41.84899,214.69,7.54,Green River,1,97.16763,73.86114,0.293518695,1058.603634,0.201229367,0.209748123,3.245852535,2.665591398,2.344546851,2.493343574,3.946236559,5.605337942,4.653072197,4.26765233,50.67741935,208.4143867,156.9258065,64.23225806,-4.458519084,167.2830645,54.08741935,197.5390323,49.64516129,27.58064516,0.032258065,0,0.548387097,0.032258065,0,0,138.9677419,73.19354839,0.032258065,0,13.70967742,1.032258065,0,0,7.451612903,91.48387097,20.25806452,10.74193548,3,188.8064516,138.9354839,8,0,31,91,7.290322581,1.161290323,-4.263434698,-5.484716436,-5.800646347,-3.325461939,-3.938880574,-4.076339916,0,0,1.236588196,0,0.416162313,0,0,0,0,0,1.013718213,1.193772959,0,0,1.613597607,0,0.004294284,3.464275619,0,0,0,0,0,0.695145788,26,22,17,10.25,6.25,3.125,1.125,14,7,4,0,0,21,13,9,5,3,64.57345,16.00773,19.418818,64.45571,62.97847,62.92474,17.829585,15.81115,15.299325,17.714703,21.21038,21.775932,0.1,0.1,0.1,0.1
3,2202.59,3.86,3.26,2.45,2.26,5,314,-110.050036,42.236732,252.78,6.96,Green River,1,67,66.11154,0.273989036,978.2740945,0.342305293,0.235546283,3.303763441,2.661904762,2.477880184,2.073579109,4.919354839,5.688786482,5.800768049,4.987980031,45.09677419,216.8126566,167.7258065,62.01935484,-3.755467529,278.5498387,199.8467742,342.0825806,6.419354839,1.806451613,0,0,6.032258065,0.387096774,0,0,109.6129032,45.80645161,0,0,23.67741935,2.193548387,0,0,5.612903226,110.7096774,50.06451613,25.06451613,44.35483871,83.25806452,27.38709677,14,0,30,40,6.580645161,0.64516129,-2.633723629,-4.326903545,-4.512225414,-1.783406389,-2.954904322,-3.420667219,0,0,1.282934222,0,5.219750365,2.451521432,0,0,1.495287715,0,2.816537725,2.872817344,0,4.04832489,7.966884398,0,9.79909087,12.50899309,0,0,2.63470924,0,3.859012721,7.926178583,24,23,15.25,10.125,6.875,3.25,1.25,11,8,5,1,0,20,12,10,6,4,50.79489,32.119557,17.084783,52.10519,51.5977,49.55051,32.363372,30.313797,33.84639,15.531438,18.086005,16.603103,0.13076923,0.1,0.15,0.15
4,2156.63,5.08,2.88,1.99,7.99,3,206,-108.939714,41.930465,247.92,7.5799999,Great Divide,1,64.16374,54.52287,0.287096906,1068.725681,0.317779135,0.202469896,2.78640553,2.732834101,2.331374808,2.393625192,4.211354327,4.814170507,4.451113671,4.737583205,51.96774194,210.6148412,154.3774194,61.03548387,-3.894794809,185.645,104.5748387,234.33,56.35483871,30.83870968,0,0,2.35483871,0.032258065,0,0,130,65.09677419,0,0,15.80645161,1.161290323,0,0,5.225806452,81.03225806,31.67741935,19.03225806,21.67741935,116,116.4516129,9,0,24,91,9.193548387,1.096774194,-3.166018682,-4.446613564,-4.520834118,-2.727689665,-3.469709877,-3.730724035,0,0,1.22731646,0,1.183892849,0.810913493,0,0,0.676450616,0,1.734707767,1.581057881,0,0.259888438,3.152009468,0,1.828554025,4.047135759,0,0,0.703636459,0,0,3.209438383,16,14,10.25,7.25,4.375,2.375,1,10,6,2,1,0,11,9,6,3,2,85.12246,6.083244,8.792634,88.83305,86.77739,79.75693,1.003938,5.800781,11.445012,10.16301,7.419332,8.795562,0.1,0.075,0.1,0.125
5,2279.42,3.57,4.49,0.76,1.06,2,116,-108.889465,42.06282,307.69,7.0999999,Great Divide,1,57,39.66667,0.272410898,1024.093429,0.381433671,0.221529018,2.948617512,2.755222734,2.632795699,2.323297491,3.813568868,4.551920123,4.863248848,4.5390681,52.38709677,213.8232854,164.8903226,60.82580645,-4.052723788,152.4348387,20.46790323,162.0104839,81.32258065,37.38709677,0,0,0,0,0,0,131.2580645,59.70967742,0,0,14.06451613,0.677419355,0,0,7.903225806,73.74193548,7.387096774,5.161290323,0,207.9354839,221.2903226,9,0,41,91,7.258064516,1.032258065,-3.701119206,-5.31417268,-5.573594597,-3.350356534,-3.762184598,-3.85906393,0,0,0,0,0.379073293,0.347075662,0,0,0,0,0,0,0,0,0.802305492,0,0,5.577950739,0,0,0.478460469,0,0,0.909342034,27,24,19.75,13.625,6.75,2.5,0.75,18,12,5,2,0,21,17,11,3,2,33.69162,32.744648,33.563733,38.33803,32.32711,30.40971,34.732788,33.250645,30.250512,26.929178,34.422242,39.33978,0.19166667,0.15,0.225,0.2
6,2241.72,3.39,3.95,1.43,3.76,2,370,-109.090356,42.171954,231.63,7.4099998,Green River,1,91.87857,77.69643,0.245924394,1000.961096,0.402651038,0.245703279,2.801728111,2.842626728,2.491666667,2.290143369,3.7593702,5.202880184,4.691935484,4.428725038,52.64516129,232.2320217,184.6483871,59.88064516,-3.780667088,256.1817742,88.91516129,288.5791935,17.77419355,5.903225806,0,0,0.096774194,0,0,0,115.3548387,57.90322581,0,0,22.67741935,1.580645161,0,0,5.193548387,106.6774194,29.74193548,14.06451613,1.548387097,131.516129,75.19354839,12,0,26,91,8.419354839,0.870967742,-2.302368147,-4.468772248,-4.684480314,-2.528972133,-3.273819391,-3.576509356,0,0,0.408290922,0,3.644652968,3.196051817,0,0,1.09617114,0,2.500258615,2.791227531,0,0,5.65436789,0,1.894709678,14.71223023,0,0,2.636935885,0,0,5.388160499,29,26,21.75,15.375,11.125,6,1.625,21,14,9,4,1,22,17,14,9,2,56.04856,19.340798,24.610647,54.35563,54.89195,58.89809,24.74301,18.131175,15.148207,20.90136,26.97688,25.9537,0.175,0.1,0.2,0.225
7,2170.57,2.54,3.74,0.8,1.99,2,310,-107.756685,41.583426,258.82,6.9899998,Washakie,2,78.17553,69.26118,0.230500286,1061.30152,0.352086281,0.209755579,2.877803379,2.417741935,2.072004608,2.064311316,3.953149002,6.057603687,4.879569892,4.055248336,51.96774194,208.1540586,171.416129,50.35806452,-3.919068849,206.6380645,20.44370968,217.0422581,1.129032258,0.032258065,0,0,0,0,0,0,136.9032258,74.58064516,0.064516129,0,17.70967742,1.935483871,0,0,6.290322581,85.93548387,7.903225806,12.48387097,0,172.8387097,5.129032258,8,0,28,91,8.193548387,1.161290323,-4.394786013,-4.859041417,-4.722187995,-3.564776406,-3.796635485,-3.806732562,0,0,0.295247969,0,0.182046221,0,0,0,0.355446786,0,1.785043129,1.890066812,0,0,4.19126818,0,0,2.471689288,0,0,0.915755976,0,0,3.830207616,34,34,26.75,19.875,14,7.125,3,24,17,13,4,1,29,22,17,11,4,64.90083,12.363036,22.736136,66.99525,63.33558,64.37166,14.616528,11.531617,10.940962,18.388223,25.132805,24.68738,0.11818182,0.1,0.125,0.125
8,2193.1,3.63,3.41,2.92,1.04,2,160,-106.493719,41.818223,332.81,6.71,Hanna,2,72.46404,61.34188,0.346217703,1070.015057,0.013104721,0.290034196,2.974500768,2.435138249,2.322081413,2.139554531,4.684101382,5.32937788,4.21702509,4.002572965,54.19354839,290.5026932,207.0967742,102.983871,-3.964225089,710.3917742,752.1395161,890.0503226,20.25806452,5.419354839,0,0,24.4516129,1.580645161,0,0,91.29032258,51.90322581,0.032258065,0,58.77419355,8.258064516,0,0,3.548387097,193.5483871,130.8387097,81.25806452,122.1612903,106.4516129,65.80645161,40,58,23,44,5.548387097,0.774193548,-1.128195671,-3.642807014,-4.198155749,-0.600006884,-2.208776329,-3.342455198,0,3.579697999,9.310780064,7.821441647,12.16141555,7.346706816,0,0,1.524226865,0,4.724736843,6.152447358,0,5.299834521,10.50673372,8.787265014,25.31753519,21.71125189,0,0,1.627252636,0,3.255064539,6.90091189,43,39,28.75,20.25,13.625,6.875,3.625,26,16,12,5,2,33,24,16,9,5,68.35603,13.300551,18.345089,68.88948,68.3122,67.8664,15.574587,13.18876,11.138306,15.53593,18.501538,20.997799,0.10833333,0.125,0.1,0.1
9,1717.37,4.14,5.92,0.85,1.25,2,54,-106.50877,42.597624,343.86,7.6300001,Shirley,1,35,31.93333,0.240420406,1169.248426,0.263043543,0.234028649,3.647388633,3.276766513,2.71578341,2.194201229,3.434178187,4.230721966,3.711597542,4.075422427,51.96774194,260.3873729,206.8935484,65.78387097,-3.996253999,290.0764516,128.4709677,325.253871,39.87096774,23.41935484,1.032258065,0,5.516129032,0.580645161,0,0,144.6129032,92.06451613,2.870967742,0,25.67741935,2.193548387,0,0,6.483870968,100.6774194,31.51612903,22.03225806,21.74193548,165.0322581,103.0967742,11,0,29,91,9,1.225806452,-3.371041777,-4.651049089,-5.079685103,-3.007608625,-3.634210394,-3.866676297,0,0,1.848063096,0,2.175080708,0.969810162,0,0,0,0,3.365990818,3.223403469,0,0,6.562359219,0,2.806799719,6.913256194,0,0,0.270312377,0,0,6.514975708,37,34,24,14.875,8.375,4.75,2.375,19,13,6,3,1,28,17,11,7,4,27.94879,35.397532,36.652845,32.65965,26.57263,24.61409,39.214025,33.235483,33.743088,28.126325,40.189385,41.642825,0.18333333,0.175,0.175,0.2
10,2174.58,3.28,3.91,1.49,0.76,1,200,-106.248039,42.372161,349.65,6.6900001,Shirley,1,79.88571,55.71607,0.349479208,1043.765216,0.153020379,0.361852429,3.137403994,2.816141833,2.45453149,2.053379416,3.352432156,3.874116743,3.676190476,4.084447005,55.83870968,356.9836221,242.7741935,132.7290323,-3.202187364,526.6937097,411.1858065,676.456129,0,0,0,0,9.483870968,0.806451613,0,0,84.35483871,46.41935484,0,0,45.16129032,4.709677419,0,0,3.225806452,173.0645161,93.19354839,58.12903226,39.74193548,91.25806452,0,20,25,17,0,7.35483871,0.064516129,-1.610592952,-3.429398431,-3.771183109,-1.242762245,-2.138311394,-2.626783277,0,3.71894261,8.490423193,8.91586539,12.71676558,6.177219695,0,0,2.333153456,0.457917515,6.924072567,7.412609529,0,11.16687877,21.49026718,0,36.59928288,45.1142363,0,5.126653979,13.4544492,0,10.23111918,20.99473337,22,22,18.75,16.25,11.5,6.75,3.75,18,15,9,3,2,19,18,14,10,5,24.5087,34.087606,41.4037,28.30903,22.82638,22.39068,40.111452,34.606935,27.54443,31.579518,42.566688,50.064895,0.50833333,0.4,0.55,0.575
11,2111.11,3.07,3.72,1.49,1.73,10,282,-106.544016,41.949979,310.8,7.7399998,Hanna,1,87.30962,66.79598,0.31749911,1049.845371,0.133154251,0.287576652,3.239746544,2.596082949,2.449833589,2.297235023,4.155376344,4.992319508,4.200972862,4.053814644,54.38709677,279.3332033,208.8225806,92.42580645,-3.885142013,423.6954839,196.0366129,487.5456452,4.387096774,1.903225806,0,0,1.387096774,0.225806452,0,0,122.1290323,73.87096774,0.096774194,0,36.58064516,2.677419355,0,0,4.709677419,159.9032258,57.03225806,28,3.161290323,113.5483871,10.67741935,15,8,23,32,7.161290323,0.806451613,-3.194828621,-4.846152649,-5.071485726,-2.327429784,-3.236617011,-3.485690593,0,2.271827897,8.667218891,4.103109511,5.407527953,1.255625551,0,0,0.307606575,0,4.713058762,5.53761484,0,1.062952321,10.79490063,0,17.98127923,16.61826752,0,0,3.723910038,0,1.198060211,9.791148831,28,27,20,11.625,6.75,2.75,0.875,18,8,2,1,0,21,16,12,6,3,33.73054,31.795187,34.475107,31.65348,33.17495,36.36319,36.195352,32.69831,26.4919,32.151165,34.129247,37.144908,0.11666667,0.15,0.1,0.1
12,1472.82,2.24,3.98,1.69,1.45,3,286,-107.337449,43.811829,341.34,4.8499999,Bighorn,1,50.635,43.46478,0.188435132,1026.569517,0.250134738,0.34138867,2.470046083,2.032411674,1.912634409,1.680107527,4.415860215,4.610983103,5.769508449,6.075960061,49.5483871,341.7288165,283.5290323,66.47741935,-3.173313432,767.5204839,439.4156452,889.3427419,0,0,0,0,9.548387097,1.322580645,0,0,81.93548387,63.09677419,1.290322581,0,64.74193548,9.064516129,0.032258065,0,1.677419355,244.9677419,116.6451613,83.87096774,31.51612903,67.16129032,0,28,30,14,0,5.741935484,0,-1.871049402,-3.858706259,-4.076949721,-1.719671769,-2.649529426,-3.024718268,7.880432092,14.27396154,21.50786425,12.01756208,12.71885341,5.577749292,0,0,4.051284341,3.12837816,12.33131914,15.5394009,0,14.76218763,28.37911204,0,37.49135335,35.8560695,0,0,10.89955717,0,11.56741639,24.8662357,54,51,39.25,27.75,15.875,8.25,3.625,38,26,13,5,2,41,30,20,11,6,28.18667,46.836667,24.976667,32.85,24.88,26.83,40.28,52.06,48.17,26.87,23.06,25,0.1,0.1,0.1,0.1
13,1423.95,3.76,3.96,1.98,1.38,1,4,-108.21259,44.032295,232.33,3.99,Bighorn,1,36.48077,32.92837,0.127991177,1155.390415,0.411721061,0.18553745,2.693625192,2.513824885,2.359178187,2.055645161,4.130453149,3.891321045,5.359344598,5.328264209,46.03225806,203.8184701,186.7193548,27.28709677,-3.95248593,277.886129,39.32322581,293.3567742,24,14.51612903,1.935483871,0,0,0,0,0,147.3225806,96.77419355,7.387096774,0,23.51612903,4.612903226,0.064516129,0,6.451612903,61.74193548,8.225806452,5.935483871,0.35483871,173.8064516,50.16129032,12,0,29,91,8.225806452,1.419354839,-3.4874455,-4.519005347,-5.0088513,-3.401809046,-3.848950089,-3.900650015,0,0,0,0,1.460448881,0.64816188,0,0,0.811213223,0,0.586566459,0.952047697,0,0,3.183436985,0,0,3.232470365,0,0,0.627586565,0,0,3.294658219,20,18,12.75,7.5,4.25,1.625,0.75,10,7,0,0,0,15,8,7,5,4,54.19667,22.89,22.913333,56.76,50.89,54.94,20.36,26.11,22.2,22.88,23,22.86,0.06666667,0.1,0,0.1
14,1630.81,4.49,3.48,2,2.55,2,25,-108.53238,43.969761,256.06,6.0700002,Bighorn,1,35.15094,32.42916,0.177521895,1087.82328,0.446573598,0.240249576,2.482296467,2.936059908,2.309101382,1.976344086,3.55906298,3.212519201,3.855683564,4.452227343,50.93548387,248.4556846,214.8290323,45.58387097,-3.926923243,331.965,114.2843548,364.7006452,14.22580645,6.935483871,0.258064516,0,2,0.193548387,0,0,136.2258065,78.77419355,1.096774194,0,29.25806452,3.35483871,0,0,7,84.03225806,21.70967742,15.96774194,9.548387097,133.9032258,42.06451613,12,0,28,91,9.258064516,1,-2.775596137,-4.551722624,-5.19630788,-2.759350286,-3.641394409,-3.832504103,0,0,0,0,2.705556118,1.878500947,0,0,1.12220301,0,0.282917134,0.400274606,0,0,4.581907762,0,2.39599847,7.714953261,0,0,1.514552034,0,0,4.22145402,37,25,18.5,13.75,9.125,6.125,3.25,17,12,8,5,2,20,16,10,8,5,66.84557,15.648974,17.506288,67.64062,65.61716,67.27894,17.883075,14.378538,14.68531,14.476303,20.004307,18.038255,0.05833333,0.025,0.075,0.075
15,1662.01,3.92,3.96,1.39,2.68,2,130,-108.914989,44.377146,236.98,7.8699999,Bighorn,1,69.81429,63.04268,0.116773622,1134.586541,0.456525885,0.213319369,2.941129032,2.966052227,2.335099846,2.063940092,3.516705069,3.321121352,4.953264209,4.330261137,47.12903226,234.0195627,213.5419355,28,-3.883008877,264.6725806,72.20435484,285.7164516,0,0,0,0,0.387096774,0.129032258,0,0,137.8709677,78.67741935,3.129032258,0,21.58064516,4.677419355,0.032258065,0,6.709677419,70.5483871,10.96774194,9.548387097,0.870967742,0,0,10,0,34,91,10.06451613,0,-2.638957924,-4.222654322,-4.57770025,-2.890536714,-3.553436283,-3.804602884,0,0,0,0,2.550827178,2.556423888,0,0,0.886422125,0,0,0.558342864,0,0,3.092622781,0,0,8.604693908,0,0,1.470811227,0,0,3.109104404,35,34,26.5,14.25,8.625,3.75,1,23,11,6,2,0,29,19,11,5,3,39.66749,31.961964,28.371378,47.00561,39.96776,32.02912,30.455768,29.996833,35.433293,22.54113,30.03541,32.537593,0.15833333,0.125,0.2,0.15
16,1481.13,2.88,3.27,2.15,1.58,0,304,-109.201726,44.762742,263.45,7.9400001,Bighorn,1,30,23.00579,0.156357351,1115.20181,0.406641672,0.219348088,2.937941628,3.262596006,2.665591398,2.222273425,3.043087558,3.064170507,4.249039939,3.977880184,50.29032258,228.2023102,206.1322581,38.25806452,-5.254907576,288.1919355,195.5919355,358.0340323,78.80645161,46.16129032,1.064516129,0,5.903225806,1.387096774,0,0,150.483871,85.06451613,2.580645161,0,23.58064516,4.741935484,0,0,7.580645161,86.41935484,23.70967742,13.29032258,19.35483871,170.6451613,217.2258065,10,4,36,91,8.806451613,1.548387097,-2.952356167,-5.046152063,-5.374163006,-2.920867302,-3.981919411,-4.221861801,0,0,0,0,1.821071615,1.780185768,0,0,0,0,0,0.233194813,0,0,0.127445718,0,1.573595657,3.5100854,0,0,0,0,0,0.343048403,36,33,21,12.875,7.5,3.75,2,16,10,6,2,1,26,16,9,5,3,41.92197,26.926378,31.152483,46.43516,39.87878,39.45197,25.718925,27.766777,27.293433,27.845907,32.356945,33.254598,0.275,0.3,0.225,0.3
17,1345.42,5.11,3.68,2.01,0.81,2,56,-108.295517,44.716039,188.11,6.4400001,Bighorn,1,69.8,69.8,0.137999254,1083.580365,0.38010151,0.171789398,2.694700461,2.605606759,2.16,1.785445469,4.302956989,3.594188428,6.053225806,5.397695853,44.03225806,173.6312166,161.0645161,24.87419355,-4.130996201,186.9079032,2.586290323,187.3179032,63.51612903,34.12903226,0.612903226,0,0,0,0,0,163.3225806,92.4516129,2.903225806,0,16.4516129,2.451612903,0,0,8.774193548,47.06451613,4.612903226,4.548387097,0,228.2903226,155.2903226,9,0,36,91,7.193548387,1.35483871,-3.97328652,-5.134693066,-6.107294049,-3.592449901,-3.883130499,-3.959524108,0,0,0,0,0,0,0,0,0,0,0,0,0,0,1.167207317,0,0,2.492972669,0,0,0,0,0,1.544567949,37,30,21,10.75,4.25,1.875,0.25,19,8,2,0,0,26,18,9,4,1,67.93444,16.974155,15.090572,66.32268,67.75606,69.72458,19.60846,17.125725,14.18828,14.068855,15.11822,16.08464,0.1,0.1,0.1,0.1
18,1446.17,4.53,3.82,1.62,2.02,0,208,-105.310128,43.262443,303.38,1.96,Thunder,1,55.04464,41.08511,0.167832013,1164.997841,0.482505481,0.315976611,3.028379416,2.55296979,2.536213518,2.153533026,2.977419355,3.044879672,3.652880184,4.048079877,56.32258065,355.0148538,306.283871,60.75806452,-3.318022524,620.9412903,298.0170968,709.4709677,0,0,0,0,2.741935484,0.870967742,0,0,116.4193548,77.19354839,8.838709677,0,48.67741935,11.74193548,0,0,4.774193548,122.7096774,78.67741935,42.74193548,7.419354839,123.7741935,0,18,0,26,0,11.09677419,0,-1.815623227,-3.425076459,-3.689274344,-2.021471579,-2.744607729,-3.042342798,0,0,2.780383033,0.865159786,6.448738868,4.720115584,0,0,1.993448642,0,2.989500717,2.392332827,0,5.526637869,14.97520352,0,14.60988327,22.8135075,0,0,8.376026604,0,5.03395139,14.32579276,25,22,16.5,13.125,9.75,6.75,3.625,15,10,7,4,2,18,17,12,9,5,56.07299,24.275861,19.651156,56.19617,56.31984,55.70295,27.318993,24.177428,21.331162,16.484842,19.502735,22.96589,0,0,0,0
19,1488.14,3.09,3.89,1.61,2.16,1,254,-105.062986,43.285134,332.04,6.6300001,Thunder,1,41.22857,39.76429,0.173964668,1153.770029,0.471951045,0.324687398,2.827470558,2.486328725,2.342524322,2.017588326,3.295122888,3.179339478,3.848054275,4.141513057,53.61290323,353.1706495,309.5870968,63.91612903,-3.811962929,722.4041935,802.9420968,995.7198387,9.838709677,5.870967742,1.548387097,0,28.93548387,7.290322581,0,0,119.9032258,77.22580645,9.548387097,0,56.29032258,14.77419355,0.064516129,0,5.709677419,150,107.9032258,54.96774194,95.70967742,93.61290323,22.77419355,26,47,32,36,8.903225806,0.451612903,-1.529187556,-4.035089268,-4.148617722,-0.958488065,-2.506747991,-3.066072341,0,0,3.246137152,1.773250586,8.668150438,6.162604598,0,0,0.929403124,0,2.353530527,1.788103758,0,4.713182867,8.635590215,0.920380255,15.25506986,16.74370001,0,0,3.03416777,0,5.657028124,8.725686168,46,39,31.25,22.25,13.5,8.5,3.5,29,16,8,6,2,34,25,16,11,5,32.71648,22.178227,45.105297,43.37941,29.36746,25.40257,25.530822,21.046157,19.9577,31.09227,49.586385,54.637235,0.06666667,0.025,0.075,0.1
20,1490.3,3.32,3.41,1.99,2.35,2,101,-105.2949,43.414006,327.61,1.62,Thunder,1,44,32.07433,0.170672064,1142.535738,0.502427207,0.331541969,2.731771633,2.600422427,2.418241167,2.085867896,3.214324117,3.050115207,3.322132616,4.255683564,54.90322581,364.4191734,313.9580645,63.72903226,-3.7716438,771.6727419,733.8869355,963.8193548,0,0,0,0,25.64516129,6.322580645,0,0,97.25806452,65.96774194,7.677419355,0,59.80645161,15.96774194,0.064516129,0,3.612903226,150.1612903,98.70967742,53.25806452,86,0,0,26,43,23,40,10.38709677,0.129032258,-1.307534737,-3.196205151,-3.398946489,-1.085753599,-2.544793468,-3.186330802,0,0.103864153,4.083563071,2.664845137,9.975359349,7.610354591,0,0,1.967922078,0,3.49415482,3.326859734,0,4.954423414,9.126733006,0,15.48108744,17.98181844,0,0,2.668065057,0,4.953936044,8.69982985,41,41,31.25,20.875,15.125,8.875,5,29,17,11,7,2,33,24,20,13,9,40.25758,25.166728,34.574858,42.2075,38.25216,40.31309,24.511982,24.043053,26.94515,33.280518,37.704792,32.739265,0.1,0.075,0.075,0.15
21,1310.35,3.52,4.03,1.53,1.39,1,308,-104.636055,44.059855,370.93,5.6599998,Thunder,1,62.8,47.94941,0.16179344,1112.580488,0.509975919,0.32339426,2.635560676,2.523348694,2.31827957,2.187634409,3.456528418,3.176766513,4.134459805,5.366666667,50.48387097,345.5120183,302.4096774,56.40967742,-3.325056886,649.3051613,276.0074194,728.7169355,0,0,0,0,2.064516129,0.548387097,0,0,109,73.35483871,10.74193548,0,49.25806452,13.83870968,0.129032258,0,4.064516129,131.5806452,77.87096774,42.61290323,4.870967742,113.483871,0,18,0,22,0,10.32258065,0,-1.701913898,-3.412051658,-3.74410528,-2.050145188,-2.73489445,-3.020870223,0,0,3.202132768,0,6.771115244,5.712290611,0,0,1.544376495,0,3.60195148,3.496222844,0,7.311045067,17.45053119,0,14.62002039,25.02527506,0,0,9.617687352,0,6.826630678,17.21359606,42,39,26.25,18,12.625,5.125,2.5,23,15,9,2,1,31,24,15,8,5,31.77129,25.511801,42.716915,31.83421,33.25191,30.22774,28.932543,24.065752,23.537108,39.23325,42.682345,46.23515,0.13333333,0.15,0.15,0.1
22,1427.67,1.53,3.95,2.68,2.43,0,180,-105.212807,43.206943,306.32,7.0999999,Thunder,1,47.07182,41.79863,0.183458275,1165.315967,0.455729517,0.316600418,3.158666155,2.669598054,2.666013825,2.145634921,2.984088582,3.017729135,3.50437788,3.850921659,57.06451613,354.8912775,301.5806452,66.41612903,-3.755656655,615.1401613,397.3441935,734.3598387,7.806451613,2.709677419,0.258064516,0,7.129032258,1.774193548,0,0,118.6129032,78.29032258,8.258064516,0,48.93548387,11.06451613,0,0,5.064516129,128.4193548,76.51612903,42.87096774,20.41935484,144.9677419,22.83870968,21,14,27,35,10.67741935,0.451612903,-1.840926535,-3.597153236,-3.890899581,-1.895761704,-2.965906607,-3.412221777,0,0,3.200503105,1.377464731,6.651843772,4.674700715,0,0,1.835983645,0,2.643526894,2.104304854,0,2.998851934,9.541649055,0,12.44114064,16.86740379,0,0,3.425783708,0,2.901589256,9.17271063,21,21,15.75,10.75,8.25,4.5,2.25,12,4,3,2,1,19,14,11,6,4,51.58653,19.349627,29.06384,53.80504,49.61915,51.33541,26.451015,17.696177,13.901687,19.743945,32.684675,34.7629,0,0,0,0
23,1892.4,3.71,4.34,1.89,2.56,2,20,-108.981323,42.992424,305.78,1.97,Wind River,1,54.54211,53.37105,0.344297968,1010.891885,0.127025239,0.322552536,3.062596006,2.744930876,2.081515617,2.224193548,5.087365591,5.608525346,4.639208909,4.925576037,45.19354839,301.6525999,214.4870968,110.0580645,-4.53064321,643.6324194,634.5648387,815.3764516,7.451612903,3.225806452,0.032258065,0,21.38709677,1.774193548,0,0,102.3548387,67.22580645,0.419354839,0,55.09677419,7,0,0,4.193548387,172.1612903,131.1290323,72.41935484,86.4516129,109.8064516,21.4516129,27,51,24,33,5.096774194,0.935483871,-1.335566127,-4.17363629,-5.453626365,-0.824503398,-2.531254812,-3.566481393,0,1.41230512,6.96918079,9.581726268,11.75319302,5.905427967,0,0,0.684726677,1.281282932,5.468982861,4.998678602,0,9.390611014,17.47303897,12.26680221,45.94003588,37.69235402,0,0,1.95971506,0,9.437222571,15.90985912,47,43,28,13.625,8.375,5.5,1.875,24,11,7,3,1,34,16,10,8,3,74.2923,13.06293,12.643933,75.95735,74.40266,72.5169,13.562862,11.11922,14.506708,10.479784,14.475623,12.976394,0.01666667,0.025,0,0.025
24,2006.02,3.96,4.42,2.91,2.92,2,34,-109.398229,43.399968,249.49,5.8699999,Wind River,1,79.2,67.04137,0.191749912,972.1492241,0.388671334,0.283957312,3.027598566,2.925576037,2.539554531,2.379109063,3.442690732,3.758102919,4.352419355,3.772900666,54.80645161,259.4348669,223.8935484,51.23548387,-4.035660479,465.2953226,409.6353226,598.0140323,12.12903226,5.290322581,0,0,12.29032258,0.483870968,0,0,100.4516129,41.32258065,0,0,39.80645161,3.838709677,0,0,4.419354839,144.6774194,92.87096774,42.16129032,72,114.0322581,35,18,21,30,18,7.387096774,0.548387097,-1.162640834,-3.347024624,-4.505372933,-1.054768261,-2.210391474,-3.356369346,0,0,1.668090016,0,8.228051056,7.224542706,0,0,1.503290491,0,3.867025787,3.787502859,0,4.575789107,8.125350367,0,14.50213186,20.98372365,0,0,2.143084774,0,4.529524139,8.852135765,22,18,12.75,8.75,5.25,2.625,0.75,11,6,3,2,0,16,11,6,3,2,60.67283,26.332562,12.994608,61.95637,61.04808,59.01405,25.89776,25.253963,27.845963,12.145878,13.69796,13.139986,0.1,0.1,0.1,0.1
25,2140.1,4.46,3.78,2.48,2.77,0,8,-109.290423,43.290601,271.08,2.21,Wind River,1,53.06452,43.68594,0.200328183,978.0828936,0.32008586,0.276917143,2.586213518,2.397158218,2.239016897,1.928417819,4.54093702,5.148233487,5.472849462,5.354557092,40.83870968,252.2305341,217.5612903,52.57096774,-4.270435308,492.9624194,474.2527419,664.0872581,11.48387097,4.870967742,0,0,11.48387097,0.806451613,0,0,102.9032258,43.29032258,0,0,42.32258065,4.870967742,0,0,5.064516129,148.0645161,109.9032258,55.16129032,73.51612903,119.1935484,34.38709677,18,37,29,34,6.483870968,0.580645161,-1.160898306,-3.643409445,-4.976145606,-1.015421549,-2.245677266,-3.556844386,0,0,1.082906637,0,7.566113016,6.890184606,0,0,0.933035837,0,3.142088626,2.57073572,0,7.419260931,12.91604738,0,22.38077979,32.11258469,0,0,2.613751219,0,7.482163292,14.04655636,30,25,21,15.5,8.875,4.875,2,19,11,7,2,1,23,19,12,7,4,61.3422,16.017379,22.640416,60.3753,62.3193,61.33201,19.611967,13.668057,14.772113,20.015235,24.010145,23.895868,0.10833333,0.1,0.125,0.1
26,1892.08,3.52,5.01,0.93,2.02,1,8,-108.27446,43.515579,339.56,2.26,Wind River,1,76.45249,48.45464,0.175016784,1104.332397,0.358954528,0.262295209,3.253533026,2.792473118,2.342857143,2.196697389,4.072043011,4.042857143,3.975,4.835714286,48.48387097,280.5283729,237.9483871,50.88064516,-3.720654235,486.5724194,241.716129,567.0754839,5.967741935,3.387096774,0.290322581,0,8.451612903,1.258064516,0,0,118.0645161,81.83870968,3.774193548,0,40.06451613,7.096774194,0.096774194,0,4.483870968,127.5806452,43.93548387,33.93548387,29.22580645,85.25806452,23.58064516,18,0,25,33,8.064516129,0.451612903,-2.334981407,-3.861529497,-4.543574936,-2.207213141,-3.171877348,-3.46826596,0,0.580389795,4.778069291,0,6.819350449,3.698233052,0,0,1.758069668,0,3.73700323,3.909555699,0,2.404845256,9.213961493,0,10.29249792,13.46670804,0,0,2.664990858,0,2.081926655,8.467354168,42,35,25.75,20,14.625,7.125,3.25,22,15,13,2,1,30,25,16,9,7,33.48615,44.364348,22.148667,34.09051,33.83335,32.5346,47.708227,42.683188,42.701628,18.203767,23.480963,24.76127,0.09166667,0.1,0.1,0.075
27,1735.49,3.08,4.61,1.36,2.82,1,6,-108.442944,43.542344,289.28,1.86,Wind River,1,39.61932,31.53144,0.179400015,1097.385576,0.421763761,0.243917831,2.942396313,2.720122888,2.328571429,2.385176651,3.900844854,4.010560676,3.907142857,4.959754224,48.16129032,259.5687479,219.3354839,47.55806452,-3.747470892,329.18,63.19951613,348.5272581,28.67741935,17.80645161,0.580645161,0,0.677419355,0,0,0,131.2903226,82.22580645,1.419354839,0,28.29032258,3.516129032,0.032258065,0,5.806451613,107.0967742,24.61290323,22.16129032,2.709677419,143.2903226,65.58064516,12,0,27,91,8.838709677,0.806451613,-3.030363922,-4.202388403,-4.834988799,-3.012366095,-3.53797176,-3.654954253,0,0,1.513553317,0,3.418818423,1.646943027,0,0,1.017882981,0,1.649907171,1.922080603,0,0,8.03538331,0,1.4323101,10.41888697,0,0,2.889488479,0,0,7.602705849,35,32,25,17,9.375,4.25,1.375,24,12,6,3,0,26,19,11,6,3,31.76906,46.836162,21.394781,30.52034,36.33922,28.44762,47.481282,44.469615,48.557587,21.99838,19.191167,22.994795,0.09166667,0.075,0.1,0.1
28,1822.15,2.54,4.23,1.05,1.84,0,222,-108.966995,43.244693,224.62,7.5500002,Wind River,1,63.14789,50.41105,0.148537539,1083.944756,0.351980349,0.220422906,2.564074074,2.487019969,1.929416283,1.811290323,6.374603175,7.392588326,6.302380952,6.559754224,35.35483871,224.3821443,203.2612903,34.01612903,-3.763057652,488.7245161,447.3408065,618.7516129,1.35483871,0.903225806,0,0,15.96774194,2.225806452,0,0,115.5483871,70.29032258,2.806451613,0,39.93548387,7.709677419,0.096774194,0,4.451612903,124,79.77419355,36.48387097,73.12903226,4.516129032,2.193548387,17,23,29,33,7.096774194,0.806451613,-1.524044619,-3.617384982,-4.255953835,-1.191529268,-2.53181677,-3.308393017,0,0.210044826,2.54012957,0,8.016838001,6.379439788,0,0,1.561833688,0,3.6110403,3.925766839,0,5.814942793,9.238219105,0,14.69214698,16.45079018,0,0,2.479636438,0,5.729319062,9.374408646,20,17,12.75,9.25,7.375,4.25,1.875,11,7,6,3,1,14,10,9,5,3,45.23576,30.506677,24.256731,47.13054,46.19883,42.37792,30.219382,28.560855,32.739793,22.650085,25.237817,24.88229,0.13846154,0.1,0.16,0.15
29,1847.29,3.99,4.63,1.26,1.22,6,42,-109.093725,43.300461,235.53,5.9299998,Wind River,1,64.6122,55.1463,0.140242361,1019.703653,0.356073997,0.230759327,2.955376344,2.676113671,2.302457757,2.148540707,4.493932412,4.994892473,5.060483871,4.718253968,42.35483871,227.9241259,202.4290323,31.6516129,-3.880040255,423.6906452,260.7203226,500.723871,0,0,0,0,7.677419355,1,0,0,131.3548387,73.87096774,0.838709677,0,35.35483871,4.838709677,0,0,5.774193548,110.0645161,55.77419355,28.93548387,30.74193548,58.25806452,0,15,12,25,56,7.741935484,0,-2.005038616,-4.377532207,-4.917977925,-1.952220549,-3.3471246,-3.808569542,0,0,1.321185105,0,5.632728038,3.398972905,0,0,0.918147775,0,2.827674101,2.89611679,0,4.259382753,8.970072479,0,10.23767259,13.62343327,0,0,1.418170265,0,3.179949317,9.026708764,25,21,16.5,11.375,6.625,3.125,1.5,15,8,3,1,0,18,15,11,5,2,69.52226,15.106274,15.371465,68.53595,67.02051,73.01032,16.779187,16.226183,12.313453,14.684863,16.753308,14.676225,0.13333333,0.125,0.15,0.125
30,1786.82,3.44,3.08,2.48,1.18,1,60,-108.785283,43.097635,256.61,4.21,Wind River,1,75.18137,75.18137,0.179495842,1103.161135,0.289184109,0.201726404,2.961482335,2.502380952,1.986584741,2.160829493,5.323310292,5.509677419,4.960061444,5.269431644,43.58064516,209.8343616,183.0548387,38.39354839,-3.894076923,297.3204839,124.2046774,335.9680645,9.129032258,4.35483871,0.096774194,0,3.451612903,0.322580645,0,0,142.5806452,88.90322581,2.096774194,0,25.64516129,3.096774194,0,0,6.580645161,86.61290323,29.67741935,17.12903226,17.96774194,110.5483871,24.09677419,11,0,29,91,7.516129032,0.741935484,-3.103153593,-4.696807354,-5.048860119,-2.773608937,-3.663531966,-3.842368502,0,0,0.499699103,0,3.313379229,1.398426631,0,0,0.279646789,0,1.669146481,1.615401401,0,0,5.735060701,0,3.442314373,8.405571373,0,0,0.854785887,0,0,5.676247164,27,25,20.25,13.375,7.875,3.625,1.125,19,9,5,2,0,23,17,11,6,3,38.84817,27.244518,33.908141,39.26676,37.50545,39.77232,30.849378,25.95114,24.933035,29.886365,36.543413,35.294645,0.10833333,0.075,0.15,0.1
31,2179.52,3.35,3.22,2.33,1.64,0,78,-108.585712,41.759432,199.09,3.6800001,Great Divide,1,73.46237,71.07283,0.238087006,1084.022967,0.338086464,0.170348656,2.708845366,2.594623656,2.34562212,2.208218126,4.220698925,5.793548387,4.588786482,4.193061956,51.19354839,173.5750471,141.6290323,42.5,-4.075147054,107.7204839,4.198548387,109.7308065,79.64516129,38.80645161,0.032258065,0,0,0,0,0,158.3225806,76.77419355,0.032258065,0,9.064516129,0.935483871,0,0,8.677419355,59.67741935,3.387096774,2.032258065,0,201.9354839,208.8387097,5,0,37,91,7.516129032,1.161290323,-4.912550113,-5.425804599,-5.274946055,-3.845296329,-3.95380927,-3.93844085,0,0,0,0,0,0,0,0,0,0,0.177292638,0.74151371,0,0,0.725504657,0,0,0.549287715,0,0,0,0,0,0.728963476,34,28,20,12.875,6.375,2.875,1,17,10,3,2,0,24,16,9,6,2,44.14,33.728596,22.130568,56.3649,42.0254,34.0297,29.094988,35.120587,36.970213,14.542614,22.851508,28.997583,0.13333333,0.1,0.15,0.15
32,2209.09,2.41,4.73,1.61,5.44,8,72,-108.980591,42.139714,244.94,2.71,Great Divide,1,66.9375,58.88791,0.262934401,963.6052554,0.379986352,0.260429453,2.855875576,2.800691244,2.562634409,2.171146953,3.785983103,5.221236559,4.723502304,4.390565796,52.96774194,241.6673131,184.3451613,65.13225806,-3.651208115,265.5325806,65.23354839,287.1285484,0,0,0,0,0.129032258,0,0,0,102.6774194,54.16129032,0,0,23.64516129,1.35483871,0,0,4.322580645,116.7419355,24,14.38709677,0.903225806,0.903225806,0,13,0,19,91,7.838709677,0.64516129,-2.34835625,-4.126704346,-4.218395323,-2.626094021,-3.31743206,-3.520229579,0,1.130832535,3.43425762,0,6.058663881,3.541619826,0,0,2.1629944,0,2.463618606,4.043497576,0,0,7.052493542,0,3.63238759,16.63822828,0,0,4.508956033,0,0,6.3860694,35,32,22.5,15.375,11,5.5,1.125,21,11,6,1,0,24,20,18,11,5,47.24142,29.636565,23.121182,55.74506,46.95716,39.02204,20.805355,32.818998,35.285342,23.447085,20.223845,25.692618,0.11666667,0.125,0.125,0.1
33,2378.79,3.6,3.56,2.33,4.06,8,72,-108.932506,41.987749,324.01,6.4499998,Great Divide,2,95.1541,66.45354,0.287096906,1000.576549,0.317779135,0.216286701,2.78640553,2.732834101,2.331374808,2.393625192,4.211354327,4.814170507,4.451113671,4.737583205,51.96774194,203.8185396,154.3774194,61.03548387,-4.090221418,136.9009677,7.90516129,139.8472581,57.09677419,26.96774194,0,0,0,0,0,0,139.5806452,67.29032258,0,0,11.67741935,0.806451613,0,0,7.387096774,100,8.35483871,5.516129032,0,182.8387097,169.7096774,7,0,37,91,6.225806452,0.870967742,-4.587154453,-5.943097627,-6.143934119,-3.481301871,-3.836739751,-3.922279114,0,0,0.028893824,0,0,0,0,0,0,0,0.353063324,1.177648264,0,0,1.435299085,0,0,4.058645829,0,0,0,0,0,1.154263779,44,41,28.5,14.25,8.5,3.375,1.25,24,11,6,1,0,32,18,10,5,2,36.61364,28.458723,34.928472,46.28578,36.04127,27.51386,28.57025,27.181315,29.624605,25.146467,36.777417,42.861533,0.325,0.225,0.225,0.525
34,2067.03,3.41,4.22,1.31,2.69,11,30,-107.426159,42.250254,278.75,3.54,Great Divide,1,46,41.01205,0.311682298,978.3511118,0.144693596,0.322821397,2.770737327,2.203968254,1.872734255,1.760215054,5.019623656,6.945046083,5.951728111,6.406989247,43.58064516,300.2001444,217.283871,97.03548387,-3.197515786,798.0087097,782.7148387,1047.685161,0,0,0,0,21.5483871,2.806451613,0,0,94,68.16129032,2.096774194,0,66.25806452,9.903225806,0,0,2.516129032,215,161.516129,99.12903226,77.51612903,75.38709677,0,30,53,20,0,5.935483871,0.032258065,-1.418233429,-4.062338429,-4.450380989,-0.997370142,-2.147709494,-2.887082592,5.401515681,9.52687397,15.43348198,12.29108562,12.93251159,6.353097612,0,0,2.168680663,1.374132621,9.723186764,11.97816195,0,14.51992103,24.59781837,10.95166124,49.12848312,45.30352785,0,1.195726228,9.130749654,0,12.79605093,21.81675488,44,40,27.25,15.375,9.5,3.375,0.875,22,13,8,0,0,33,18,12,5,2,48.81838,27.790533,23.391083,54.16138,47.65476,44.63902,24.823543,27.785222,30.762835,21.015075,24.560022,24.598152,0.15,0.15,0.175,0.125
35,2464.58,3.84,3.36,3.76,2.59,14,114,-107.689227,42.360142,461.88,4.04,Great Divide,3,70.31532,62.75416,0.395554694,984.1732374,0.129620147,0.39234702,3.130875576,2.359754224,2.164746544,2.154915515,4.094354839,5.03390937,4.760983103,4.612096774,50.93548387,337.0942514,233.2806452,151.5935484,-3.568409221,714.1856452,745.0898387,861.2266129,0,0,0,0,28.29032258,1.064516129,0,0,74.77419355,43.38709677,0,0,61.93548387,6.290322581,0,0,2.612903226,233.1612903,195.0322581,103.5483871,183.7419355,64.32258065,0,36,49,18,0,4.838709677,0.129032258,-0.624258673,-3.637065106,-4.526131183,-0.268378342,-1.995552766,-2.897949284,5.37851711,8.561994561,11.37857042,17.35236371,21.85963835,11.47976266,0,0,2.203804599,5.177453627,11.98923327,12.00770281,9.874026695,16.62007539,18.39170033,14.10236633,45.44086553,35.86479477,0,0.387555752,5.154577472,4.151797479,18.67285709,21.24087442,47,41,30.25,18.125,9.625,4.75,1.75,27,15,5,1,0,36,23,14,8,3,56.31415,23.213461,20.472391,59.76715,55.85384,53.32146,24.306493,25.70959,19.6243,15.926359,18.43657,27.054243,0.1,0.1,0.1,0.1
36,1947.41,2.94,3.57,2.23,3.24,0,0,-107.961518,42.544584,250.76,3.6500001,Great Divide,1,65.40284,52.32726,0.223892173,1056.134243,0.207002221,0.235360806,2.858832565,2.361904762,1.863056836,1.778878648,4.962903226,5.438671275,6.025806452,5.523732719,44.80645161,240.2123121,193.2419355,54.60322581,-3.889693612,367.7430645,270.1143548,461.1422581,0,0,0,0,7.580645161,0.451612903,0,0,122.2258065,75.41935484,0.258064516,0,30.96774194,3.290322581,0,0,3.935483871,130.2903226,72.06451613,40.06451613,36.74193548,118.516129,0,12,12,21,41,7.774193548,0,-2.851275638,-4.35235307,-4.389553763,-2.298262529,-3.558818022,-3.769255865,0,1.096929676,3.806911103,0.911058354,4.409794253,1.31264874,0,0,0.842808227,0,3.50922737,3.13526648,0,5.213668941,11.40334493,0,13.63793987,10.28213924,0,0,1.152920472,0,3.516222312,9.897915859,23,23,18.5,12.5,6.875,2.875,1.25,17,8,5,2,1,20,16,10,4,2,82.05545,5.104694,12.839857,86.74785,79.71449,79.70401,5.783182,5.711221,3.819678,7.46897,14.574289,16.476311,0.1,0.1,0.1,0.1
37,1660.29,3.38,3.34,3.65,1.89,5,63,-108.56865,42.839958,280.6,3.9400001,Wind River,1,64.74419,50.56173,0.225522412,1069.565715,0.196096949,0.262793131,2.882258065,2.54500768,2.070020481,1.960061444,4.28390937,5.053917051,4.298579109,5.075844854,48.48387097,263.2350488,217.5387097,62.24193548,-3.697008699,598.1874194,530.0114516,758.2132258,10.64516129,6.290322581,0.322580645,0,20.06451613,3.129032258,0,0,117.9354839,86.67741935,3.806451613,0,50.29032258,7.903225806,0,0,4.612903226,165.0967742,90.51612903,54.77419355,68.32258065,121.4193548,28.93548387,22,37,29,19,5.35483871,0.483870968,-2.035752261,-4.621364421,-5.157520874,-1.335370113,-2.762707766,-3.304176786,0,3.072526053,6.154244881,2.99410065,8.735097705,4.141649108,0,0,0.540547814,0,5.81109366,6.546426435,0,6.566554266,12.43452785,0,21.52398,20.83922532,0,0,2.955712115,0,5.774528521,11.61672386,38,36,31.25,21.125,12.875,5.375,2,29,16,8,3,1,33,25,16,8,5,37.96581,30.563183,31.469336,42.93719,38.4809,32.47936,28.220295,33.254243,30.215013,28.840015,28.262363,37.30563,0.15,0.1,0.175,0.175
38,2083.4,3.6,4.15,1.06,7.32,2,4,-108.181822,42.68681,296.4,5.8899999,Wind River,1,83.05116,60.80334,0.236494523,1030.931668,0.212604285,0.270990145,2.767780338,2.555529954,2.180901178,1.92311828,3.835522273,4.584139785,4.581746032,4.617012289,50.80645161,261.5918205,213.1903226,65.1,-3.8963381,499.8274194,446.73,578.4941935,3.870967742,0.741935484,0,0,22.77419355,1.806451613,0,0,109.3870968,70.48387097,0.225806452,0,42.16129032,4.516129032,0,0,4.258064516,170.6129032,89.22580645,75.5483871,89.22580645,18.74193548,16.19354839,21,33,30,74,6.290322581,0.225806452,-1.812330112,-4.397201595,-4.724315415,-1.323173831,-3.205364962,-3.61791376,0,2.836150612,7.144683639,5.331459182,10.46974831,4.504650931,0,0,0.546030108,0,6.011023971,6.334391022,0,3.810442075,6.141926318,3.867232543,11.14359118,6.822476098,0,0,0.527543686,0,2.561900108,4.764227755,35,35,25,14.375,9.375,5,1.75,24,13,6,3,1,27,17,12,7,3,56.25624,28.92801,14.814921,55.8089,57.70518,55.25463,30.43905,27.454107,28.890872,13.749548,14.840712,15.854504,0.1,0.1,0.1,0.1
39,2176.62,3,3.48,0.81,2.75,12,13,-110.107192,42.654989,234.93,4.0799999,Green River,1,73.55844,67.341,0.314541853,858.0227383,0.284081054,0.296373583,4.109677419,3.436021505,2.934139785,2.761443932,3.575115207,4.340706605,4.682488479,4.2609447,50.09677419,227.4341128,175.1,78.3483871,-4.33539298,369.7077419,376.3656452,501.9816129,6.838709677,2.161290323,0,0,12.12903226,0.193548387,0,0,99.96774194,33.03225806,0,0,32.22580645,1.806451613,0,0,4.935483871,193.4193548,99.87096774,52.16129032,93.93548387,19.22580645,76.96774194,17,29,18,32,6.387096774,1.064516129,-2.175070836,-5.242484407,-4.801159325,-1.23944258,-3.07088632,-3.510236767,0,0.642101169,3.371863027,2.40937369,7.77517811,3.80667001,0,0,2.097401521,0,5.532519806,5.832458211,0,3.88747642,5.974193682,0,15.5412963,12.6583044,0,0,2.287975797,0,5.987188056,8.187575773,36,31,25.5,18.125,11.75,5.875,1.875,24,14,9,4,1,27,21,16,9,3,40.08497,30.495104,29.419923,46.92479,38.91148,32.52987,34.500442,28.986767,27.165767,18.57477,32.101748,40.30436,0.20909091,0.125,0.225,0.3
40,2118.53,3.64,3.34,1.23,3.81,1,36,-109.828198,41.023009,275.24,4.6100001,Green River,1,90.88911,90.88911,0.232765939,1128.288288,0.294372207,0.235885923,3.016935484,2.665898618,2.62515361,2.555222734,4.274193548,6.351152074,4.549923195,3.666858679,51.87096774,254.4053729,204.5225806,61.05483871,-3.900971719,341.8927419,280.563871,432.5475806,2.580645161,2.129032258,0,0,10.64516129,0.387096774,0,0,132.0645161,80.67741935,0.096774194,0,29.06451613,2.677419355,0,0,5.161290323,143.2258065,71.70967742,50.29032258,66.12903226,6.387096774,3.290322581,12,19,26,57,8.483870968,1.677419355,-3.633024719,-4.921271729,-4.635569338,-2.645217045,-3.571133759,-3.787099223,0,3.653058959,8.26935759,0,3.229258173,0.44790159,0,0,0.761531493,0,5.800865692,6.042045722,0,4.096413909,8.022203555,0.403257427,6.96543924,4.073854839,0,0,0.716008484,0,3.075824396,6.6187951,36,30,18.5,10,7,2.75,1.125,17,8,5,2,1,22,13,8,4,2,52.27494,28.184308,19.541583,52.27902,48.75787,55.78794,29.823035,27.390527,27.339363,17.90044,23.851608,16.8727,0.19166667,0.2,0.2,0.175
41,2099.36,3.67,3.88,1.52,2.15,1,45,-110.210474,41.222513,243.12,4.1500001,Green River,1,103.61538,84.70985,0.353852824,1089.316896,0.094597311,0.29798986,3.035023041,2.722196621,2.39359959,2.472273425,4.240745008,6.332642089,4.268356375,4.15641321,52.29032258,308.9320878,209.5709677,114.3290323,-3.504814847,436.6998387,228.3143548,517.8364516,0,0,0,0,4.225806452,0.096774194,0,0,113.3548387,66.74193548,0,0,38.5483871,2.35483871,0,0,3.838709677,168.8064516,74.09677419,54.38709677,12.87096774,0.419354839,0,16,9,21,9,8.516129032,0.032258065,-3.134150609,-4.39777414,-4.186653481,-2.251809419,-3.126735305,-3.325840746,1.008535012,5.510065407,9.766535022,6.914957835,8.155615796,1.352571009,0,0,1.454536772,0,7.097072188,8.46569924,0,5.777140705,17.28402737,0,25.09581399,20.36850931,0,0,5.833902976,0,4.028778763,14.73012818,21,21,14,9.25,5.25,2.25,0.875,14,7,4,1,0,14,11,7,3,2,53.17414,31.308205,15.517653,52.48949,53.01035,54.02259,32.796622,32.780088,28.347905,14.713883,14.209568,17.629507,0.1,0.1,0.1,0.1
42,2301.86,4.47,3.6,1.56,2.92,0,83,-110.515054,41.196904,357.7,5.5300002,Green River,2,70.125,55.9859,0.454359874,1050.505204,-0.088030792,0.450642442,3.37749616,2.722119816,2.282104455,2.595890937,3.798028674,5.532795699,4.531105991,4.261213518,51.70967742,430.6654913,257.0806452,214.9612903,-2.861025153,730.9154839,1006.699516,1155.978065,0,0,0,0,29.96774194,1.064516129,0,0,83.41935484,43,0,0,63.80645161,4.193548387,0,0,2.709677419,241.6451613,238.6451613,126.7741935,130.3870968,51.58064516,0,44,75,19,0,5.129032258,0,-0.813745603,-3.997024717,-4.884979729,-0.263253251,-1.110529761,-2.258802298,6.083257006,10.00216066,13.19425073,17.46331389,20.82530968,9.852512092,0,0,0.806856145,3.537582393,12.50972448,12.86691124,2.687267514,23.00505228,30.28261894,19.69557226,93.27773378,88.53184104,9.602891556,8.438629914,12.36675499,0,22.50165944,31.40530637,51,44,32,19.125,11.875,6.375,2.375,25,12,8,5,1,38,24,18,8,4,50.565,25.225,24.21,43.75,57.38,NaN,27.55,22.9,NaN,28.7,19.72,NaN,0.1,0.1,0.1,0.1
43,2364.94,2.69,3.41,1.87,4.78,1,272,-106.513642,41.107325,421.84,5.3699999,Saratoga,3,75.71296,65.06236,0.5203822,968.5232479,-0.12749899,0.570144885,3.527726575,3.087634409,2.988671275,2.930568356,3.219354839,4.498822325,3.122119816,2.828686636,58.22580645,381.9136135,267.5354839,284.2709677,-5.395773811,590.7382258,507.9477419,610.895,57.96774194,14.35483871,0,0,37.29032258,0.129032258,0,0,79.06451613,18.4516129,0,0,54.06451613,0.516129032,0,0,2.225806452,259.3870968,214.8064516,155.5806452,214.8064516,66.70967742,111.4516129,27,28,10,23,5.64516129,1.774193548,-1.627525965,-4.29002055,-3.934824692,-1.384595482,-3.805718987,-3.701490414,12.41334685,14.69275412,17.51170276,32.0795049,34.3326902,4.844246395,0,0,6.128273826,12.60111342,19.35209351,19.44769875,3.389640452,4.181243934,4.394255132,4.354377749,7.30312677,1.58591277,0,0,1.185025928,3.202261738,5.391225631,4.883985849,52,41,31.5,21.5,12.375,6.75,1.875,29,15,10,4,1,33,25,15,9,4,71.49703,16.790339,11.713464,72.33977,68.81254,73.33877,17.413465,20.967877,11.989676,10.249262,10.219582,14.671548,0.08333333,0.075,0.075,0.1
44,2534.71,2.74,3.51,2.63,2.36,3,270,-105.410454,41.252981,594.79,5.73,Laramie,3,55.35556,45.53285,0.417477499,992.223191,0.157469772,0.585414033,3.801382488,3.240604199,2.995340502,2.70264977,2.933448541,3.021850998,2.820596518,2.881298003,57.03225806,416.2361564,337.0870968,242.7387097,-10.96746809,730.7037097,658.2287097,773.0522581,23.90322581,10.93548387,0,0,43.38709677,1.806451613,0,0,77.32258065,34.35483871,0,0,65.12903226,3.516129032,0,0,2.129032258,261.1935484,214,134.2903226,214,61.32258065,65.16129032,32,33,12,18,6.35483871,1.258064516,-0.93555029,-3.966510048,-3.524221068,-0.72938693,-3.282106972,-3.160254501,13.57061927,17.99119193,21.70343602,29.26410872,32.23668397,9.427058893,0,0,8.851378017,12.01681303,18.8429268,20.45236791,5.956198705,8.190201591,8.82343054,8.506871995,18.43170356,7.166483102,0,0,5.783125699,8.794537048,13.29433925,11.37016128,54,41,31.5,18,10,4.875,1.75,28,12,7,2,0,35,23,13,7,3,58.40579,29.87613,11.71891,57.34437,58.90275,58.97026,32.745505,28.707682,28.175202,9.912631,12.389563,12.854537,0.075,0.075,0.075,0.075
45,2652.02,3.53,3.68,1.09,3.53,15,5,-106.136343,41.001212,452.21,4.75,Saratoga,3,56,42.71795,0.527574161,738.4400045,0.01260288,0.775443603,3.535407066,3.172119816,3.23156682,3.014618536,3.130414747,3.937788018,3.002406554,2.521146953,58.70967742,408.1894117,271.6967742,299.9,-2.548964594,706.1312903,1285.808871,1368.924516,0,0,0,0,25.77419355,0.096774194,0,0,40.16129032,2,0,0,65.48387097,0.64516129,0,0,0.838709677,293.1290323,341.2903226,168.6129032,154.1935484,11.83870968,1.258064516,42,109,9,0,4.935483871,0.193548387,-0.16343264,-1.810004592,-3.338150852,-0.050389911,-0.243691912,-0.884893843,18.95141676,22.84500366,26.13167817,30.96753845,44.02412645,21.31307034,0,0,8.244157082,13.20891892,20.76568599,24.96135634,27.767319,42.26539831,42.98588023,9.59289079,82.66061237,183.7229329,71.16785503,39.97453729,43.57227769,39.96709195,67.49330377,67.89654956,45,40,31.25,22,13.625,7,3.375,29,19,12,5,2,33,26,16,9,6,64.88569,22.999934,12.113547,66.8927,61.87941,65.88495,22.689375,26.083689,20.226737,10.417928,12.036903,13.88581,0.09166667,0.1,0.075,0.1
46,2406.27,4.72,3.99,0.81,3.08,3,3,-107.151592,41.433437,597.29,5.5,Saratoga,3,75.9,58.04259,0.382554622,958.6873756,0.062790553,0.48129803,3.046236559,2.601305684,2.338940092,2.392857143,3.379262673,5.504761905,3.819354839,3.339132104,56.93548387,435.8079916,286.9612903,173.0580645,-2.207218626,1068.255484,1474.131129,1623.431452,0,0,0,0,42.12903226,3.774193548,0,0,53.51612903,36.38709677,0,0,88.83870968,13.96774194,0,0,1.032258065,281.0645161,310.516129,183.8387097,172.0322581,12.77419355,0,57,91,11,0,5.290322581,0,-0.489274473,-2.685079535,-3.508521936,-0.247185319,-0.734134952,-1.535521409,5.066269611,8.534068413,15.06146498,28.81978092,27.45435501,14.85735866,0,0,4.316645365,6.090070539,13.34883982,13.11373021,10.61645978,38.04055573,49.24430857,39.03616453,116.503344,118.6797831,30.31700247,25.86260572,28.26193731,0,33.75173568,46.03885182,37,35,27,17.25,9.25,5.5,2,24,13,5,3,1,32,23,13,9,4,44.12389,34.790321,21.084958,49.17987,43.34712,39.84467,37.059798,35.359472,31.951693,13.76033,21.293402,28.20114,0.10833333,0.075,0.125,0.125
47,2158.05,3.86,4.07,1.26,1.63,2,250,-109.954331,42.698676,243.37,4.7600002,Green River,2,62,62,0.332380925,1004.489971,0.24395693,0.271865008,4.103763441,3.419892473,2.887672811,2.71328725,3.882795699,4.459907834,4.708883769,4.309600614,49.48387097,260.9284608,183.2193548,89.08709677,-3.646681644,232.8680645,83.42564516,263.9937097,4.870967742,1.741935484,0,0,0.612903226,0,0,0,109.9677419,33.41935484,0,0,21.5483871,0.903225806,0,0,5.64516129,99.06451613,32,23.67741935,7.096774194,88.41935484,18.83870968,14,0,28,45,7.548387097,0.548387097,-2.884860807,-4.603293789,-4.335323875,-2.638804244,-3.368080037,-3.512135256,0,0,0.628212648,0,3.967678506,1.706378282,0,0,1.653325632,0,1.491088496,1.954963451,0,0,7.085241435,0,5.659603467,12.21289941,0,0,3.169968826,0,0,6.722585516,19,19,15.75,12.375,7.5,3.375,0.875,15,10,6,2,0,17,14,10,5,2,57.02333,23.953333,19.023333,54.49,59.09,57.49,21.18,23.26,27.42,24.33,17.65,15.09,0.1,0.1,0.1,0.1
48,2300.15,3.14,3.83,2.08,1.98,3,34,-109.922118,42.815646,324.77,4.4499998,Green River,1,76,65.649,0.359813919,948.020014,0.222423953,0.325868561,3.554454685,3.411290323,2.610061444,2.717511521,3.970276498,4.772119816,5.173425499,4.715053763,48.41935484,290.9495419,200.8741935,107.3354839,-3.514552595,350.2870968,164.5516129,407.765,0,0,0,0,1.870967742,0.032258065,0,0,97.16129032,30.12903226,0,0,32.03225806,1.129032258,0,0,4.838709677,142.9677419,58,30.03225806,9.935483871,98.70967742,0,17,0,17,0,7.032258065,0.193548387,-2.325140988,-4.831608854,-4.574174445,-1.967437914,-2.976926895,-3.291611467,0,0,1.570047217,2.030275444,7.824062895,3.307956601,0,0,2.41452332,0,3.493063236,3.500774253,0,3.486233507,11.95987024,0,17.35267953,23.10466159,0,0,6.04768516,0,3.545268441,12.2786904,39,31,24,17.625,11.125,5.625,1.25,22,15,8,2,0,26,20,15,10,3,44.25667,24.006667,31.736667,44.99,36.86,50.92,34.52,26.71,10.79,20.49,36.43,38.29,0.13333333,0.1,0.1,0.2
49,2284.43,4.41,3.96,1.39,3.36,0,90,-110.00591,43.0057,349,6.5500002,Green River,3,71.82251,61.97182,0.447791957,925.4347542,0.020840958,0.43874875,3.855184332,3.716129032,2.745199693,2.974961598,3.143394777,4.044086022,4.365284178,3.965207373,50.38709677,385.0283285,225.2064516,179.5709677,-2.949655415,504.1187097,525.1670968,681.2185484,0,0,0,0,17.41935484,0.129032258,0,0,72.5483871,14.51612903,0,0,45.03225806,0.838709677,0,0,2.387096774,250.2258065,158.6774194,88.12903226,74.12903226,53.58064516,0,35,47,13,0,4.870967742,0.064516129,-0.659681862,-3.502486506,-4.280328653,-0.636188647,-1.600139303,-2.517035505,1.913157723,5.506277215,6.949232742,9.201598723,23.18725432,13.25669094,0,0,2.38030707,2.425738957,10.07017326,10.31395971,0,15.66352843,25.15848904,0,54.90304944,73.54473793,0,6.588759167,14.01652502,0,14.64577449,25.01236108,34,31,22,15.375,10.625,6,3,21,12,7,3,1,25,20,16,10,5,41.53333,40.02,18.443333,44.85,36.82,42.93,44.65,46.67,28.74,10.5,16.5,28.33,0.1,0.1,0.1,0.1
50,2216.86,3.98,3.61,2.7,3.43,0,188,-110.282645,43.174432,510.02,4.4000001,Green River,3,40.43,27.47667,0.524170353,922.4316128,-0.247391119,0.556170316,3.985509473,3.517204301,2.842217102,2.97703533,3.220737327,3.915207373,4.210176651,3.984101382,50.32258065,441.2197958,243.3645161,268.6967742,-2.832243437,603.4832258,880.1003226,1006.048065,0,0,0,0,22.93548387,0.129032258,0,0,63.67741935,10.16129032,0,0,55.09677419,0.838709677,0,0,2.290322581,270.4516129,278.7419355,124.1612903,162.516129,20.48387097,0,36,66,10,0,5.161290323,0.032258065,-0.570389228,-3.698195382,-4.122464937,-0.130331546,-0.890774851,-1.981431267,6.206274537,10.34299502,13.76164219,18.70407411,28.80919855,12.72612878,0,0,4.209081279,5.230375142,13.2638327,13.76647264,8.237794011,29.84294631,35.48158238,3.066290826,117.1731692,140.9482725,20.01829123,14.35579557,23.10845933,3.858220744,37.568346,44.47514676,34,33,24.25,17.75,9.125,4.75,2.375,22,15,6,3,0,26,22,12,7,6,58.04181,29.525857,12.432331,60.54988,57.72057,55.85498,29.044131,30.804936,28.728505,10.405986,11.474495,15.41651,0.11666667,0.125,0.125,0.1
51,2437.62,4.27,4.46,1.22,2.43,16,208,-110.450834,42.604953,657.89,2.8699999,Green River,3,50,49.5,0.49206906,1000.205598,0.043767724,0.485773825,4.849155146,4.097311828,3.019815668,2.803341014,3.039784946,4.305222734,4.748694316,4.035906298,51.51612903,449.8939339,247.3774194,237.1645161,-2.555590733,503.411129,706.3264516,808.9690323,0,0,0,0,19.74193548,0.129032258,0,0,63.96774194,9.903225806,0,0,45.83870968,0.483870968,0,0,2.387096774,258.2903226,233.2903226,115.1290323,119.3870968,6.129032258,0,34,52,13,0,5,0,-0.56963067,-3.016351367,-4.006538327,-0.359936387,-1.038962324,-1.818714837,6.292378587,9.792073448,11.60073179,12.08476174,25.46035762,13.84118118,0,0,4.490563196,6.299649033,14.23729442,14.33385685,5.777303389,30.13468291,38.03708768,3.669876295,60.70324292,93.83870093,14.33376084,18.18978668,24.45739746,1.268764807,32.86747448,41.62296785,44,36,25.5,15.375,7.375,3.375,1.5,21,12,3,1,0,30,22,13,5,4,44.00377,28.410557,27.5865,46.89289,44.41657,40.70186,31.912143,28.324295,24.995235,21.197463,27.259138,34.3029,0.13529412,0.15,0.1333333,0.12
